?´ë?ì§€ë§í¬,?í’ˆëª??•ìƒê°€,? ì¸ê°€,?±ë³„,ì¹´í…Œê³ ë¦¬,?©ë„,,,,,,,,,,,,,,,,,,,,,,,,,,,,,,,,,,,,,,,,,,,,,,,,,,,,,,,,,,,,,,,,,,,,,,,,,,,,,,,,,,,,,
http://gdimg.gmarket.co.kr/1688878141/still/300?ver=2021110614,"[?¬ì½§?¤ì¦ˆ]20%+10% ì¿ í° ?¬ì½§ ì£¼ë‹ˆ???ˆí„° ?„ìš°??ê¸°ëª¨ ë¹…ì„¸??""59",600??,"17,900??,ê³µìš©,ë§¨íˆ¬ë§?? ì•„?™ê³µ?™ì˜ë¥?
http://gdimg.gmarket.co.kr/2189175891/still/300?ver=2021110614,[?˜ë¦¬ë¯¸ì¸ ]?ˆë…¸ë§ˆí‚¤ì¦??˜ë¦¬ë¯¸ì¸  ê²¨ìš¸ ?„ìš°??ë§¨íˆ¬ë§??¬ì¸ å¤?70ì¢?122",000??,"36,600??,?¬ì„±,?„ìš°???¬ì•„?˜ë¥˜
http://gdimg.gmarket.co.kr/337390758/still/300?ver=2021110614,[ë²„ë¸”?¸ë¦¬]ì£¼ë‹ˆ???¬ì•„ ?˜ë¥˜ ?„ë™ë³??í”¼???¬ì¸  ?°ì…”ì¸?45",900??,"13,900??,?¬ì„±,?í”¼???¬ì•„?˜ë¥˜
http://gdimg.gmarket.co.kr/495818668/still/300?ver=2021110614,[?¤ë¦¬?¤í‘¼]?„ë™ë³??„ë™?˜ë¥˜/?¤ì¦ˆê²½ëŸ‰?¨ë”©/?ˆê¹…???í”¼??ë½€ê¸€??33",000??,"9,900??,ê³µìš©,?í•˜ë³?? ì•„?™ê³µ?™ì˜ë¥?
http://gdimg.gmarket.co.kr/2254484613/still/300?ver=2021110614,[? ë¼?¤ì¦ˆ](? ì„¸ê³„ê°•?¨ì )? ë¼?¤ì¦ˆ ê¸€ë¡œë¸Œ ?¬ì¼“ë§¨íˆ¬ë§?2ì¢?34",300??,"27,100??,ê³µìš©,ë§¨íˆ¬ë§?? ì•„?™ê³µ?™ì˜ë¥?
http://gdimg.gmarket.co.kr/438589690/still/300?ver=2021110614,[ìº”ë””ë² ì´ë¹?71%? ì¸ ê°€?„ì‹ ??? ì•„?™ë‚´???´ë³µ/?¤ë‚´ë³?22",000??,"6,600??,ê³µìš©,?´ì˜,? ì•„?™ë‚´??? ì˜·
http://gdimg.gmarket.co.kr/1601332309/still/300?ver=2021110614,[?¬ì½§]ë¬´ë£Œë°˜í’ˆ ?¬ì½§?¤ì¦ˆ ê°€??ê°€ê²©ì¸?˜ê²¨???„ë¦¬ë·?63",000??,"18,900??,ê³µìš©,?í•˜ë³?? ì•„?™ê³µ?™ì˜ë¥?
http://gdimg.gmarket.co.kr/651036497/still/300?ver=2021110614,[?ë˜ì¹œêµ¬]ê²¨ìš¸ ?°ëœ»??ê¸°ëª¨?°ì…”ì¸??í•˜ë³??¸íŠ¸/HOT??ì£¼ë‹ˆ??26",200??,"7,900??,?¬ì„±,?„ë“œ???¬ì•„?˜ë¥˜
http://gdimg.gmarket.co.kr/1232338881/still/300?ver=2021110614,?¤ì¦ˆê¼¬ëª¨ ê²¨ìš¸? ìƒ ?œë™ë³??±ì›ë£??í•˜?¸íŠ¸ ëª¨ìŒ,32",600??,"9,900??,ê³µìš©,?í•˜ë³?? ì•„?™ê³µ?™ì˜ë¥?
http://gdimg.gmarket.co.kr/2259643283/still/300?ver=2021110614,[?¤íŒŒ?¤ì¦ˆ]?Œì¼ ?Œë¦¬???ì¼“ KHF6151,39",000??,"30,030??,ê³µìš©,?„ìš°??? ì•„?™ê³µ?™ì˜ë¥?
http://gdimg.gmarket.co.kr/2260521272/still/300?ver=2021110614,[ë¸”ë™?¼í¬?¤ì¦ˆ]BKO?ˆí„°ë§ê¸°ëª¨ë§¨?¬ë§¨?¸íŠ¸,79",200??,"60,990??,?¨ì„±,?í•˜ë³??¨ì•„?˜ë¥˜
http://gdimg.gmarket.co.kr/221218898/still/300?ver=2021110614,ì½”ì½”ë¹?ê²¨ìš¸? ìƒ ì¶”ê? ê°€???´ë¦¬?´ëŸ°???í•˜ë³??°ì…”ì¸?33",000??,"9,900??,ê³µìš©,?í•˜ë³?? ì•„?™ê³µ?™ì˜ë¥?
http://gdimg.gmarket.co.kr/937468008/still/300?ver=2021110614,[ë² ë² ì¥?20%+15%ì¿ í°? ì¸/ë¹…ì„¸?¼íŠ¹ê°€/?„ìš°??ë§¨íˆ¬ë§??˜ë©´? ì˜·,39",600??,"11,900??,ê³µìš©,?ì¼“,? ì•„?™ê³µ?™ì˜ë¥?
http://gdimg.gmarket.co.kr/399488337/still/300?ver=2021110614,[?¤ë¦¬?¤í‘¼]?„ë™ë³?ê²½ëŸ‰?¨ë”©/?í•˜ë³??í”¼??ë½€ê¸€???¬ì•„?˜ë¥˜,33",000??,"9,900??,?¬ì„±,?„ë“œ???¬ì•„?˜ë¥˜
http://gdimg.gmarket.co.kr/336394693/still/300?ver=2021110614,[?¤ìŠ¤??20%ì¿ í° ì£¼ë‹ˆ??ê¸°ëª¨ ?¸ë ˆ?´ë‹ ë°©í•œ?´ì˜ ê¸°ëª¨?¬ì¸ ,33",000??,"9,900??,ê³µìš©,?´ì˜,? ì•„?™ìŠ¤?¬ì¸ ?˜ë¥˜
http://gdimg.gmarket.co.kr/226919468/still/300?ver=2021110614,?”íŠ¼?¤ì¦ˆ/ê°€?„ì„¸??ê²¨ìš¸?¤í”ˆ/?„ë™ë³?ê°„ì ˆê¸??„ìš°?°å¤–,33",000??,"9,900??,?¬ì„±,?í•˜ë³??¬ì•„?˜ë¥˜
http://image.gmarket.co.kr/challenge/neo_image/no_image.gif,[ì½”ë””?„ì´]21FW ? ìƒ ?±ê??¤íŒ/?„ë¼?´ìŠ¤,33",000??,"9,900??,ê³µìš©,?´ì˜,? ì•„?™ë‚´??? ì˜·
http://image.gmarket.co.kr/challenge/neo_image/no_image.gif,[ë°€?¬ë§ˆ??20% ì¿ í° ë°€??ê²¨ìš¸? ìƒ ?±ì¥ ?„ë™ ?¤ë‚´ë³??í•˜ë³???28",300??,"8,500??,ê³µìš©,?í•˜ë³?? ì•„?™ê³µ?™ì˜ë¥?
http://image.gmarket.co.kr/challenge/neo_image/no_image.gif,ê°€???„ë™ ì£¼ë‹ˆ???´ì˜ ?´ë³µ 9ë¶€ ?í•˜ë²??¤ë‚´ë³?? ì˜·,26",300??,"7,900??,ê³µìš©,?´ì˜,? ì•„?™ë‚´??? ì˜·
http://image.gmarket.co.kr/challenge/neo_image/no_image.gif,[ì§€?¤ë‹¤??20%+7% ì§€?¤ë‹¤?¸ì£¼?ˆì–´ ê²¨ìš¸ ê¸°ëª¨ ?‹ì—…/?„ìš°???¤ë‚´ë³?89",000??,"26,800??,ê³µìš©,ë§¨íˆ¬ë§?? ì•„?™ê³µ?™ì˜ë¥?
http://image.gmarket.co.kr/challenge/neo_image/no_image.gif,[ë¸”ë£¨?…ë² ?´ë¹„]?ˆì˜¤?Œë“œë§¨íˆ¬ë§¨SET??5ì¢??? 40C70-672-04-BON,37",000??,"30,710??,ê³µìš©,ë§¨íˆ¬ë§?? ì•„?™ê³µ?™ì˜ë¥?
http://image.gmarket.co.kr/challenge/neo_image/no_image.gif,[?¤íŒŒ?¤ì¦ˆ](? ì„¸ê³„ê°•?¨ì )[?¤íŒŒ?¤ì¦ˆ] 21FW ë³´ì•„ ?Œë¦¬???ì¼“ KHF6153,59",000??,"43,660??,ê³µìš©,?„ìš°??? ì•„?™ê³µ?™ì˜ë¥?
http://image.gmarket.co.kr/challenge/neo_image/no_image.gif,êµ?‚° ë¬´í˜•ê´?? ì•„.?„ë™.ì£¼ë‹ˆ???´ì˜/?´ë³µ/?¤ë‚´ë³?? ì˜·,26",300??,"7,900??,ê³µìš©,?´ì˜,? ì•„?™ë‚´??? ì˜·
http://image.gmarket.co.kr/challenge/neo_image/no_image.gif,[?¸ìŠ¤?˜ì´?¤í‚¤ì¦?FW ?¸ê¸° ?Œë¦¬???¤ìš´/?˜ë¥˜/?¡í™” ëª¨ìŒ??270",000??,"82,600??,ê³µìš©,?„ìš°??? ì•„?™ê³µ?™ì˜ë¥?
http://image.gmarket.co.kr/challenge/neo_image/no_image.gif,[ì²´ë¦¬ë¸”ë‘]ê°€?„ê²¨?¸ì‹ ???¬ì•„?˜ë¥˜ ì£¼ë‹ˆ??ë§¨íˆ¬ë§??í•˜ë³??í”¼??42",900??,"12,900??,?¬ì„±,ë§¨íˆ¬ë§??¬ì•„?˜ë¥˜
http://image.gmarket.co.kr/challenge/neo_image/no_image.gif,(?œì´ë¹„ìŠ¤?€??20%ì¿ í° ê²¨ìš¸ ê¸°ëª¨? ìƒì¶œì‹œ ì£¼ë‹ˆ?´ì˜ë¥?33",000??,"9,900??,?¨ì„±,ë§¨íˆ¬ë§??¨ì•„?˜ë¥˜
http://image.gmarket.co.kr/challenge/neo_image/no_image.gif,[?Œë¡œ?¤ë£¨]?Œë¡œ?¤ë£¨?Œí???„ìš°?°ë???59",900??,"18,900??,ê³µìš©,?„ìš°??? ì•„?™ê³µ?™ì˜ë¥?
http://image.gmarket.co.kr/challenge/neo_image/no_image.gif,[ë¸”ë™?¼í¬?¤ì¦ˆ](? ì„¸ê³„ì„¼?€???°ì…”ì¸?3ì¢?7ì»¬ëŸ¬ ??,30",000??,"29,400??,ê³µìš©,?°ì…”ì¸?? ì•„?™ê³µ?™ì˜ë¥?
http://image.gmarket.co.kr/challenge/neo_image/no_image.gif,?˜ë ë®?1???„ë™ ?í•˜ë³??í”¼???ˆê¹…??SALE,43",000??,"12,900??,ê³µìš©,?í•˜ë³?? ì•„?™ê³µ?™ì˜ë¥?
http://image.gmarket.co.kr/challenge/neo_image/no_image.gif,[ë°”ë¸Œ?¤ì¦ˆ]ë°”ë¸Œ?¤ì¦ˆ ?Œë¬¸???°ì¼ë¦¬ë£© ë°”ë¸Œ?¤ì¦ˆ ê°€??ê²¨ìš¸ SALE,33",000??,"9,900??,ê³µìš©,?í•˜ë³?? ì•„?™ê³µ?™ì˜ë¥?
http://image.gmarket.co.kr/challenge/neo_image/no_image.gif,[?˜í•‘ì°¨ì¼???˜í•‘ì°¨ì¼?œìŠ¤?¸ë¼?´í”„ ?¤ì›¨?¸ì…”ì¸?(80C29-332-31),39",000??,"38,220??,?¨ì„±,?¤ì›¨???¨ì•„?˜ë¥˜
http://image.gmarket.co.kr/challenge/neo_image/no_image.gif,[?ë²„?¼ìŠ¤??20%+10% ì¿ í° ?ë²„?¼ìŠ¤??ì£¼ë‹ˆ???ˆí„° ë¹…ì„¸???„ìš°??59",600??,"17,900??,?¨ì„±,?˜ì˜,?¨ì•„?˜ë¥˜
http://image.gmarket.co.kr/challenge/neo_image/no_image.gif,[ë¸”ë™?¼í¬?¤ì¦ˆ](? ì„¸ê³„ì„¼?€??ë¡±ë‹¤??2ì¢?3ì»¬ëŸ¬ ??[BKO?°ì¼ë¦¬L?¤ìš´?ì¼“/BKOë£¨ì¦ˆ?L?¤ìš´?ì¼“],179",000??,"175,960??,ê³µìš©,?„ìš°??? ì•„?™ê³µ?™ì˜ë¥?
http://image.gmarket.co.kr/challenge/neo_image/no_image.gif,[ì½”ë””?„ì´]21FW ? ìƒ?¤í”ˆ ?„ë¼?´ìŠ¤ ?¤íŒê¸°ëª¨ ê¸´íŒ” ?´ì˜ ?¤ë‚´ì¡°ë¼,33",000??,"12,900??,ê³µìš©,?ì¼“,? ì•„?™ê³µ?™ì˜ë¥?
http://image.gmarket.co.kr/challenge/neo_image/no_image.gif,[ë² ë² ?œí”¼?????¤ë²„ ì¹´ë©œë¦¬ì•„ ë² ì´ë¹??¸ì¼??ì¹´ë¼ ì§‘ì—… ?ì¼“ BP0337249,41",300??,"33,870??,ê³µìš©,?´ì˜,? ìƒ?„ì˜ë¥?
http://image.gmarket.co.kr/challenge/neo_image/no_image.gif,[ë¯¸ë‹ˆì¼€??êµ?‚° 20%? ì¸ ê°€?„ìœ ???„ë™ ì£¼ë‹ˆ???´ì˜/?¤ë‚´ë³?? ì˜·,26",300??,"7,900??,ê³µìš©,?´ì˜,? ì•„?™ë‚´??? ì˜·
http://image.gmarket.co.kr/challenge/neo_image/no_image.gif,[?¤íŒŒ?¤ì¦ˆ]ë¦¬ë²„?œë¸” ë³´ì•„ ?Œë¦¬???ì¼“ KHF6103,87",200??,"67,150??,ê³µìš©,?„ìš°??? ì•„?™ê³µ?™ì˜ë¥?
http://image.gmarket.co.kr/challenge/neo_image/no_image.gif,[?Œë¡œ?¤ë£¨]?˜íŠ¸?í?°ì†œì¼€?´í”„,55",920??,"39,140??,ê³µìš©,?¤ì›¨??? ì•„?™ê³µ?™ì˜ë¥?
http://image.gmarket.co.kr/challenge/neo_image/no_image.gif,[ë²„ë¸”?¸ë¦¬]~170??ì¥¬ë‹ˆ???¬ì•„/? ì•„/?˜ë¥˜/?„ë™ë³?ì£¼ë‹ˆ???í”¼??45",900??,"13,900??,?¬ì„±,?í”¼???¬ì•„?˜ë¥˜
http://image.gmarket.co.kr/challenge/neo_image/no_image.gif,[?¤ë””? í”Œ]ê²¨ìš¸?¤í”ˆ/?„ë™ë³??í•˜ë³?ë½€ê¸€??ê¸°ëª¨/?°ì…”ì¸ ì™¸,46",300??,"13,900??,ê³µìš©,ë§¨íˆ¬ë§?? ì•„?™ê³µ?™ì˜ë¥?
http://image.gmarket.co.kr/challenge/neo_image/no_image.gif,[ë² ë„¤?µí‚¤ì¦?ë¬¼ê²°?ˆí„°?¨ë”©(3ì»¬ëŸ¬) QAPD02061,62",100??,"48,440??,?¨ì„±,?„ìš°???¨ì•„?˜ë¥˜
http://image.gmarket.co.kr/challenge/neo_image/no_image.gif,?„ë™?¬í‹° 5ë§¤ì… ?œë©´ ?ì˜· ë¬´í˜•ê´??°ë‹ ? ì•„ ì£¼ë‹ˆ??33",000??,"9,900??,ê³µìš©,?´ì˜,? ì•„?™ë‚´??? ì˜·
http://image.gmarket.co.kr/challenge/neo_image/no_image.gif,[ë¸”ë™?¼í¬?¤ì¦ˆ](?€êµ¬ì‹ ?¸ê³„)[ë¸”ë™?¼í¬?¤ì¦ˆ] ?‘ë©´ë¯¸ë“¤?¤ìš´ ?í•˜?¸íŠ¸ 2ì¢…íƒ1 [?Œë¡œ?¤ìš´ ë°°ìƒ‰ê¸°ëª¨?„ë“œ?°ì„¸??,69",000??,"67,620??,ê³µìš©,?„ìš°??? ì•„?™ê³µ?™ì˜ë¥?
http://image.gmarket.co.kr/challenge/neo_image/no_image.gif,[?”ìŠ¤ì»¤ë²„ë¦? ê²¨ìš¸ì¤€ë¹„ë ê²¨ìš¸?„ìš°??ì¤‘ê³„??,193",000??,ê³µìš©,?„ìš°??? ì•„?™ê³µ?™ì˜ë¥?
http://image.gmarket.co.kr/challenge/neo_image/no_image.gif,"[ë² ë² ì¥?20%+15%ì¿ í°/?¬ì•„ì½”ë””/ê²¨ìš¸? ìƒ/?í”¼???ˆê¹…??ë§¨íˆ¬ë§?""39",600??,"11,900??,ê³µìš©,?í•˜ë³?? ì•„?™ê³µ?™ì˜ë¥?
http://image.gmarket.co.kr/challenge/neo_image/no_image.gif,[?¤íŒŒ?¤ì¦ˆ](? ì„¸ê³„í??„ìŠ¤?˜ì–´?íŒ¨?˜ê?)[?¤íŒŒ?¤ì¦ˆ]21? ìƒ ?¬ì•„ ?¬ë‘?¤ëŸ¬???œê²¨???•ë‹¤?´ì ???•ìƒê°€259 000??149",000??,"116,220??,?¬ì„±,?„ìš°???¬ì„±?˜ë¥˜
http://image.gmarket.co.kr/challenge/neo_image/no_image.gif,[?„ê?ë°??„ê?ë°??¸ê¸°?í’ˆ BEST 50,90",000??,"27,000??,?¬ì„±,?í”¼???¬ì„±?˜ë¥˜
http://image.gmarket.co.kr/challenge/neo_image/no_image.gif,[?‘í…?¤ì¦ˆ](?€êµ¬ì‹ ?¸ê³„)[?‘í…?¤ì¦ˆ] ?„ë™) ?¤ë¸”ë³´ì•„ ë¡?ì§‘ì—…(MKB4TC3003),39",900??,"35,120??,ê³µìš©,?„ìš°??? ì•„?™ê³µ?™ì˜ë¥?
http://image.gmarket.co.kr/challenge/neo_image/no_image.gif,[?¤íŒŒ?¤ì¦ˆ]ë³´ì•„?Œë¦¬??ë² ìŠ¤??KHF6102,55",200??,"42,510??,ê³µìš©,?„ìš°??? ì•„?™ê³µ?™ì˜ë¥?
http://image.gmarket.co.kr/challenge/neo_image/no_image.gif,[ë¸”ë£¨?…ë² ?´ë¹„](ë¶€?°ì )ë¸”ë£¨?…ë² ?´ë¹„ ê³µìš© ë² ì´ë¹?ë£¨ëŒ???í•˜ë³?49D1361006,31",000??,"29,450??,ê³µìš©,?í•˜ë³?? ì•„ê³µë™?˜ë¥˜
http://image.gmarket.co.kr/challenge/neo_image/no_image.gif,[ë¸”ë£¨??ë¸”ë£¨?…ì??Œì?STRIPE?°ì…”ì¸?(20B35-330-01),55",000??,"24,000??,?¨ì„±,?°ì…”ì¸??¨ì•„?˜ë¥˜
http://image.gmarket.co.kr/challenge/neo_image/no_image.gif,[ë¸”ë™?¼í¬?¤ì¦ˆ](? ì„¸ê³„ê°•?¨ì )[ë¸”ë™?¼í¬?¤ì¦ˆ]21FW ì´ˆê²¨?¸ê¹Œì§€ ì°©ì¥?˜ê¸° ì¢‹ì? ?ì¼“ 2ì¢???87",200??,"85,460??,?¨ì„±,?„ìš°??? ì•„?™ìŠ¤?¬ì¸ ?˜ë¥˜
http://image.gmarket.co.kr/challenge/neo_image/no_image.gif,[ê°?‚¤ì¦?(ê´‘ì£¼? ì„¸ê³?[ê°?‚¤ì¦? ë¡œê³  ?„ë“œì§‘ì—… ?¹ê???45",000??,"39,600??,ê³µìš©,?„ë“œ??? ì•„ê³µë™?˜ë¥˜
http://image.gmarket.co.kr/challenge/neo_image/no_image.gif,[?ëœ¨?€]?¬ë Œê²½ëŸ‰JP 07O555052,69",000??,"53,130??,ê³µìš©,?„ìš°??? ì•„ê³µë™?˜ë¥˜
http://image.gmarket.co.kr/challenge/neo_image/no_image.gif,[ë°€?¬ë§ˆ??ë°€?¬ë§ˆ??F/W ? ìƒ ?„ìš°??ëª¨ìŒ??ë½€ê¸€???¨ë”©/ACC,56",300??,"26,900??,ê³µìš©,?„ìš°??? ì•„ê³µë™?˜ë¥˜
http://image.gmarket.co.kr/challenge/neo_image/no_image.gif,[?¬ì½§?¤ì¦ˆ]ê²¨ìš¸ ?„ë¦¬ë·?ê¸°ëª¨ë§¨íˆ¬ë§??ˆê¹…???í•˜ë³??„ìš°??73",000??,"21,900??,ê³µìš©,ë§¨íˆ¬ë§?? ì•„ê³µë™?˜ë¥˜
http://image.gmarket.co.kr/challenge/neo_image/no_image.gif,[?¤ë””? í”Œ]ê°€?„ì„¸???„ë™ë³??í•˜ë³??°ì…”ì¸??í”¼??ë½€ê¸€?´ì™¸,43",000??,"12,900??,?¬ì„±,?í”¼???¬ì•„?˜ë¥˜
http://image.gmarket.co.kr/challenge/neo_image/no_image.gif,ê°€??ì£¼ë‹ˆ???¬ì•„?˜ë¥˜ ì´ˆë“±?™ìƒ ???ˆê¹…???„ë™ë³?22",900??,"18,900??,?¬ì„±,?ˆê¹…???¬ì•„?˜ë¥˜
http://image.gmarket.co.kr/challenge/neo_image/no_image.gif,[?ë²„?¼ìŠ¤??20%+10%ì¿ í° ?ë²„?¼ìŠ¤???„ìš°??ì£¼ë‹ˆ???í•˜ë³?ê¸°ëª¨,59",600??,"17,900??,?¨ì„±,?í•˜ë³?? ì•„?™ìŠ¤?¬ì¸ ?˜ë¥˜
http://image.gmarket.co.kr/challenge/neo_image/no_image.gif,[?„ê?ë°??„ê?ë°?ê²¨ìš¸ ?¤í”ˆ?¹ê? ?„ìš°???í•˜ë³?90",000??,"27,000??,ê³µìš©,?í•˜ë³?? ìƒ?„ì˜ë¥?
http://image.gmarket.co.kr/challenge/neo_image/no_image.gif,(ë°êµ¬?¤ì¦ˆ)?¸íŠ¸ë§›ì§‘/ê¸°ëª¨/?¨ì•„/?„ë™ë³??¬ì¸ /?í•˜ë³?22",900??,"21,900??,?¨ì„±,?í•˜ë³??¨ì•„?˜ë¥˜
http://image.gmarket.co.kr/challenge/neo_image/no_image.gif,[ì½”ë””?„ì´]21FW ? ìƒ ?±ê??¤íŒ / ?„ë¼?´ìŠ¤,36",300??,"10,900??,ê³µìš©,?´ì˜,? ì•„?™ë‚´??? ì˜·
http://image.gmarket.co.kr/challenge/neo_image/no_image.gif,[?¤íŒŒ?¤ì¦ˆ]ê°¤ëŸ¬ë¦¬ì•„ ë¦¬ë²„?œë¸” ë³´ì•„ ?Œë¦¬???ì¼“-KHF6103,,87",200??,ê³µìš©,?„ìš°??? ì•„ê³µë™?˜ë¥˜,,,,,,,,,,,,,,,,,,,,,,,,,,,,,,,,,,,,,,,,,,,,,,,,,,
http://image.gmarket.co.kr/challenge/neo_image/no_image.gif,[ë¸”ë£¨?…ë² ?´ë¹„]?„íŠ¸?í•˜ë³?40C70-672-13-BON,"31,000??,25",730??,?¬ì„±,?í•˜ë³??¬ì•„?˜ë¥˜,,,,,,,,,,,,,,,,,,,,,,,,,,,,,,,,,,,,,,,,,,,,,,,,,,,,,,,,,,,,,,,,,,,,,,,,,,,,,,,,,,,,,
http://image.gmarket.co.kr/challenge/neo_image/no_image.gif,[?‘í…?¤ì¦ˆ](?€êµ¬ì‹ ?¸ê³„)[?‘í…?¤ì¦ˆ] 21??? ìƒ ëª¨ë‹¬?´ì˜ ?¹ê? MKB4UI3901,"9,900??,8",720??,?¨ì„±,?ì˜,?¨ì•„?˜ë¥˜,,,,,,,,,,,,,,,,,,,,,,,,,,,,,,,,,,,,,,,,,,,,,,,,,,,,,,,,,,,,,,,,,,,,,,,,,,,,,,,,,,,,
http://image.gmarket.co.kr/challenge/neo_image/no_image.gif,"ê²¨ìš¸ ì£¼ë‹ˆ???¨ì•„ ?˜ë¥˜ ??ì´ˆë“±?™ìƒ ?¸ë ˆ?´ë‹ë³µì„¸??""21",900??,"19,900??,?¨ì„±,?í•˜ë³?? ì•„?™ìŠ¤?¬ì¸ ?˜ë¥˜
http://image.gmarket.co.kr/challenge/neo_image/no_image.gif,ì£¼ë‹ˆ??ê²¨ìš¸ ?¬ì•„ ?˜ë¥˜ ì´ˆë“±?™ìƒ ???ˆê¹…??ê¸°ëª¨ ë°í¬,21",900??,"19,900??,?¬ì„±,?ˆê¹…???¬ì•„?˜ë¥˜
http://image.gmarket.co.kr/challenge/neo_image/no_image.gif,?„ë™?¬í‹° ?¼ê° ì£¼ë‹ˆ???ì˜· ?°ë‹ ?œë¡œì¦??¨ì•„ ?¬ì•„??23",000??,"6,900??,?¬ì„±,?´ì˜,?¬ì•„?˜ë¥˜
http://image.gmarket.co.kr/challenge/neo_image/no_image.gif,[?”í‚¤ì¦?20+5%ì¿ í°_ ?”í‚¤ì¦?ë§¨íˆ¬ë§??„ë“œ??SALE,59",600??,"17,900??,?¨ì„±,ë§¨íˆ¬ë§??¨ì•„?˜ë¥˜
http://image.gmarket.co.kr/challenge/neo_image/no_image.gif,? ì•„ ?„ë™ ê¸°ëª¨ ?í•˜ë³??¸íŠ¸ ?¤ì§•?´ê²Œ?????¬ì•„ ?¨ì•„,,28",500??,ê³µìš©,?í•˜ë³?? ì•„?™ìŠ¤?¬ì¸ ?˜ë¥˜,,,,,,,,,,,,,,,,,,,,,,,,,,,,,,,,,,,,,,,,,,,,,,,,,,,,,,,,,,,,,,,,,,,,,,,,,,,,,,
http://image.gmarket.co.kr/challenge/neo_image/no_image.gif,"[ë²„ë¸”?¸ë¦¬]ì£¼ë‹ˆ?´ì? ?¬ì•„ ?˜ì˜ BEST 50 ?„ë™ë³?""23",900??,"17,800??,?¬ì„±,?˜ì˜,?¬ì•„?˜ë¥˜
http://image.gmarket.co.kr/challenge/neo_image/no_image.gif,[ì½”ë””?„ì´]21FW ? ìƒ?…ê³  ?„ê¸° ? ì•„ ê²¨ìš¸ ?˜ë©´ì¡°ë¼ ?¬ë¦½??37",200??,"14,900??,ê³µìš©,?ì˜,? ì•„?™ë‚´??? ì˜·
http://image.gmarket.co.kr/challenge/neo_image/no_image.gif,?„ë™ ? ì˜· ?Œìë§??í•˜?¸íŠ¸ ?í”¼???¤ë‚´ë³??¨ì•„ ?¬ì•„,52",500??,"15,800??,ê³µìš©,?í•˜ë³?? ì•„?™ë‚´??? ì˜·
http://image.gmarket.co.kr/challenge/neo_image/no_image.gif,[?¤íŒŒ?¤ì¦ˆ]ê°¤ëŸ¬ë¦¬ì•„ ?ê¸°??ë¯¸ë“¤ ?•ë‹¤??KHF2051,99",000??,"72,270??,?¬ì„±,?„ìš°???¬ì•„?˜ë¥˜
http://image.gmarket.co.kr/challenge/neo_image/no_image.gif,[?˜í•‘ì°¨ì¼???˜í•‘ì°¨ì¼?œPLAY ?€?´ë“œ ì»¬ëŸ¬DENIM (80C19-401-70),,39",000??,?¨ì„±,?í•˜???¨ì•„?˜ë¥˜,,,,,,,,,,,,,,,,,,,,,,,,,,,,,,,,,,,,,,,,,,,,,,,,,,,,,,,,,,,,,,,,,,,,,,,,,,,,,,
http://image.gmarket.co.kr/challenge/neo_image/no_image.gif,[ë°”ë¸Œ?¤ì¦ˆ]ë°”ë¸Œ?¤ì¦ˆ ê°€?„ì‹ ?ì¶œ???°ì¼ë¦¬ì•„?´í…œ,"33,000??,9",900??,?¨ì„±,?„ìš°???¨ì•„?˜ë¥˜,,,,,,,,,,,,,,,,,,,,,,,,,,,,,,,,,,,,,,,,,,,,,,,,,,,,,,,,,,,,,,,,,,,,,,,,,,,,,,,,,,,,,
http://image.gmarket.co.kr/challenge/neo_image/no_image.gif,[?¤íŒŒ?¤ì¦ˆ]?´ë¼ ???¤ìš´ ?ì¼“ KHF2001,"159,200??,122",590??,?¨ì„±,?„ìš°???¨ì•„?˜ë¥˜,,,,,,,,,,,,,,,,,,,,,,,,,,,,,,,,,,,,,,,,,,,,,,,,,,,,,,,,,,,,,,,,,,,,,,,,,,,,,,,,,,,,,
http://image.gmarket.co.kr/challenge/neo_image/no_image.gif,[ë¸”ë£¨??ë¸”ë£¨?…ë??°ì²´?¬ë§¨?¬ë§¨ (20C25-334-04),"79,000??,41",080??,ê³µìš©,ë§¨íˆ¬ë§?? ì•„ê³µë™?˜ë¥˜,,,,,,,,,,,,,,,,,,,,,,,,,,,,,,,,,,,,,,,,,,,,,,,,,,,,,,,,,,,,,,,,,,,,,,,,,,,,,,,,,,,,,
http://image.gmarket.co.kr/challenge/neo_image/no_image.gif,[?˜í•‘ì°¨ì¼???˜í•‘ì°¨ì¼?œìŠ¤?˜ì´???¤ì›¨?¸ì…”ì¸?(80C29-332-30),,"39,000??,?¨ì„±,?í•˜ë³?? ì•„?™ìŠ¤?¬ì¸ ?˜ë¥˜
http://image.gmarket.co.kr/challenge/neo_image/no_image.gif,êµ?‚° ?„ë¹” ë°˜ì¡°???˜ë©´ì¡°ë¼/?¼ì¹˜ê¸°ëª¨? ì˜· ? ì•„ ?„ë™,33",000??,"9,900??,ê³µìš©,?í•˜ë³?? ì•„?™ë‚´??? ì˜·
http://image.gmarket.co.kr/challenge/neo_image/no_image.gif,[?¤íŒŒ?¤ì¦ˆ]ê·¸ë¦°?€??ë¡?êµ¬ìŠ¤ ?¤ìš´ KG72019,129",000??,"99,330??,?¨ì„±,?„ìš°???¨ì•„?˜ë¥˜
http://image.gmarket.co.kr/challenge/neo_image/no_image.gif,[?„ê?ë°??„ê?ë°?ê²¨ìš¸ ë½€???˜ë©´ì¡°ë¼ 01N757504,,10",900??,ê³µìš©,?ì˜,? ì•„?™ë‚´??? ì˜·,,,,,,,,,,,,,,,,,,,,,,,,,,,,,,,,,,,,,,,,,,,,,,,,,,,,,,,,,,,,,,,,,,,,,,,,,,,,,,,
http://image.gmarket.co.kr/challenge/neo_image/no_image.gif,?¤íŒŒ?¤ì¦ˆ ë°±í™”???™ì¼?í’ˆ F/W ?¨ë”©/?„ìš°??BEST ? ì¸ (GMSET),"89,000??,75",650??,ê³µìš©,?„ìš°??? ì•„ê³µë™?˜ë¥˜,,,,,,,,,,,,,,,,,,,,,,,,,,,,,,,,,,,,,,,,,,,,,,,,,,,,,,,,,,,,,,,,,,,,,,,,,,,,,,,,,,,,,
http://image.gmarket.co.kr/challenge/neo_image/no_image.gif,"[ëª°ë¦¬ë©œë¦¬]? ì•„?™ë³µ/ê°€???í¼/?í•˜ë³??í”¼??ê¸´íŒ”/? ì•„??""26",200??,"7,900??,ê³µìš©,?í•˜ë³?? ì•„ê³µë™?˜ë¥˜
http://image.gmarket.co.kr/challenge/neo_image/no_image.gif,[?„ì´??(? ì„¸ê³„ì„¼?€???„ì´??[21FW] ? ìƒ??ëª½í¬ ?¤ì¦ˆ ?Œë¦¬???ì¼“ / JUU21101 (4COLOR),45",000??,"37,350??,ê³µìš©,?„ìš°??? ì•„ê³µë™?˜ë¥˜
http://image.gmarket.co.kr/challenge/neo_image/no_image.gif,[ë¸”ë£¨??(? ì„¸ê³„ì„¼?€??21W10-672-05 (MG)ì»´í”¼?¨í„´?¸ë ˆ?´ë‹ SET,47",400??,"39,350??,ê³µìš©,?í•˜ë³?? ì•„?™ë‚´??? ì˜·
http://image.gmarket.co.kr/challenge/neo_image/no_image.gif,(?´ì…”?ì??¤ê·¸?˜í”½?¤ì¦ˆ) (? ì„¸ê³„ê°•?¨ì )?´ì…”?ì??¤ê·¸?˜í”½?¤ì¦ˆ ë¨¸ë ˆ???¤ëª°ë¡œê³  ?½ê¸°ëª?ë§¨íˆ¬ë§?N193KSW220,34",500??,"29,160??,?¨ì„±,ë§¨íˆ¬ë§??¨ì•„?˜ë¥˜
http://image.gmarket.co.kr/challenge/neo_image/no_image.gif,[?¤íŒŒ?¤ì¦ˆ]?ê¸°??ë¯¸ë“¤ ?•ë‹¤??KHF2051,,89",000??,ê³µìš©,?„ìš°??? ì•„ê³µë™?˜ë¥˜,,,,,,,,,,,,,,,,,,,,,,,,,,,,,,,,,,,,,,,,,,,,,,,,,,,,,,,,,,,,,,,,,,,,,,,,,,,,,,
http://image.gmarket.co.kr/challenge/neo_image/no_image.gif,[?˜í•‘ì°¨ì¼???˜í•‘ì°¨ì¼?œêµ¿?ˆí„°ë§??¤ì›¨?¸ì…”ì¸?(80C19-332-34),,"29,000??,ê³µìš©,ë§¨íˆ¬ë§?? ì•„ê³µë™?˜ë¥˜
http://image.gmarket.co.kr/challenge/neo_image/no_image.gif,? ì•„ ?„ê¸° ê°€?„ê²¨??ê·¹ì„¸???˜ë©´ì¡°ë¼ ?¬ë¦½???˜ë©´ë°”ì?,18",900??,"5,900??,ê³µìš©,?ì˜,? ì•„?™ë‚´??? ì˜·
http://image.gmarket.co.kr/challenge/neo_image/no_image.gif,[ë¸”ë£¨??ë¸”ë£¨?…ë ˆ?¸ë³´?°ë¡œê³ ë§¨?¬ë§¨ (20C25-334-01),65",000??,"33,800??,ê³µìš©,ë§¨íˆ¬ë§?? ì•„ê³µë™?˜ë¥˜
http://image.gmarket.co.kr/challenge/neo_image/no_image.gif,[?¤íŒŒ?¤ì¦ˆ][?¤íŒŒ?¤ì¦ˆ] ?Œì¼ ?Œë¦¬???„ë“œ?ì¼“ KHF6152,49",000??,"39,200??,ê³µìš©,?„ìš°??? ì•„ê³µë™?˜ë¥˜
http://image.gmarket.co.kr/challenge/neo_image/no_image.gif,[?¸ìŠ¤?˜ì´?¤í‚¤ì¦??¤ì¦ˆ ì»´í”¼ EX ?Œë¦¬???ì¼“ NJ4FM60 3ì¢???,,65",280??,ê³µìš©,?„ìš°??? ì•„ê³µë™?˜ë¥˜,,,,,,,,,,,,,,,,,,,,,,,,,,,,,,,,,,,,,,,,,,,,,,,,,,,,,,,,,,,,,,,,,,,,,,,,,,,,,,
http://image.gmarket.co.kr/challenge/neo_image/no_image.gif,"[?˜ë¦¬ë¯¸ì¸ ]?˜ë¦¬ë¯¸ì¸  ê²¨ìš¸?´ì›” ?„ìš°??ë§¨íˆ¬ë§??í”¼???¬ì¸ å¤?70ì¢?""128",000??,"38,400??,ê³µìš©,?„ìš°??? ì•„ê³µë™?˜ë¥˜
http://image.gmarket.co.kr/challenge/neo_image/no_image.gif,[? ë¼?¤ì¦ˆ][? ë¼?¤ì¦ˆ] ??‹œì¦ŒíŠ¹ê°€/?¬ë ˆë§?ë³´ì•„?Œë¦¬??ì¢…íƒ1/FK2PLC4101X,34",300??,"26,070??,ê³µìš©,?„ìš°??? ì•„ê³µë™?˜ë¥˜
http://image.gmarket.co.kr/challenge/neo_image/no_image.gif,[ì§€?¤ë‹¤??20+7% ì§€?¤ë‹¤?¸ì£¼?ˆì–´ ë¹…ìŠ¤ ê²¨ìš¸? ìƒ ?„ìš°???¨ë…,166",000??,"49,800??,?¨ì„±,ë§¨íˆ¬ë§?? ì•„ê³µë™?˜ë¥˜
http://image.gmarket.co.kr/challenge/neo_image/no_image.gif,[ë¸”ë£¨?…ë² ?´ë¹„]?¬ë¦¬?¤ë§ˆ???˜íŠ¸ SET 40C70-675-03-BON,43",000??,"35,690??,?¬ì„±,?˜ì˜,?¬ì•„?˜ë¥˜
http://image.gmarket.co.kr/challenge/neo_image/no_image.gif,[ë°”ë¸Œ?¤ì¦ˆ]ë°”ë¸Œ?¤ì¦ˆ ê°€?„ì‹ ?????¬ì¸  ëª¨ìŒ??20",000??,"11,900??,ê³µìš©,ë§¨íˆ¬ë§??¨ì•„?˜ë¥˜
http://image.gmarket.co.kr/challenge/neo_image/no_image.gif,[ë¸”ë™?¼í¬?¤ì¦ˆ]BKS?´ì„¼?¤ë§¨?¬ë§¨?°ì…”ì¸?54",000??,"41,580??,ê³µìš©,?ì˜,? ì•„ê³µë™?˜ë¥˜
http://image.gmarket.co.kr/challenge/neo_image/no_image.gif,[?¬ì½§?¤ì¦ˆ]?¬ì½§?¤ì¦ˆ ?„ë™ ê°€?„ì‹ ??ê°€ê²©ì¸??50ì¢???,76",300??,"22,900??,?¬ì„±,?í”¼???¬ì•„?˜ë¥˜",,,,,,,,,,,,,,,,,,,,,,,,,,,,,,,,,,,,,,,,,,,,,,,,,,,,,,,,,,,,,,,,,,,,,,,,,,,
